;words
0;pontefractus
1;jami
2;geneviev
3;warner
4;bros
5;pictur
6;soccer
7;doddleoddl
8;smtown
9;powerfuljr
10;jeremi
11;jahn
12;inthefrow
13;kylieminogueonvevo
14;major
15;lazer
16;eurovis
17;song
18;contest
19;pga
20;tour
21;pokmon
22;go
23;love
24;tv
25;love
26;magazin
27;comicbookcom
28;jenni
29;nicholson
30;morezoella
31;late
32;late
33;show
34;jame
35;corden
36;disney
37;movi
38;trailer
39;cbs
40;morn
41;netflix
42;daniel
43;j
44;layton
45;pop
46;blast
47;netflix
48;bazzi
49;dondiablo
50;jimmi
51;kimmel
52;live
53;star
54;war
55;lol
56;network
57;azealiabanksvevo
58;tmz
59;star
60;war
61;theori
62;watch
63;happen
64;live
65;andi
66;cohen
67;ff
68;cloth
69;kickthepj
70;espn
71;adida
72;footbal
73;powerfuljr
74;emmymadeinjapan
75;dimitri
76;vega
77;like
78;mike
79;destinygam
80;tanya
81;burr
82;jenni
83;nicholson
84;beachhousevideozon
85;montreal
86;pixielock
87;smtown
88;late
89;late
90;show
91;jame
92;corden
93;trailer
94;promo
95;teaser
96;cheat
97;morgan
98;adam
99;redlettermedia
100;fox
101;news
102;nintendo
103;jimmi
104;kimmel
105;live
106;vaniti
107;fair
108;grace
109;helbig
110;jimmi
111;kimmel
112;live
113;tmzsport
114;disney
115;movi
116;trailer
117;ubisoft
118;us
119;est
120;lalond
121;jimmi
122;kimmel
123;live
124;warner
125;music
126;steve
127;toppl
128;netflix
129;mike
130;boyd
131;wwe
132;late
133;late
134;show
135;jame
136;corden
137;lailah
138;lynn
139;dash
140;star
141;hybrid
142;network
143;demi
144;lovato
145;carri
146;hope
147;fletcher
148;school
149;life
150;bbc
151;radio
152;1xtra
153;espn
154;zoella
155;jandora
156;media
157;filmselect
158;trailer
159;hip
160;hop
161;n
162;nicoll
163;von
164;eberkopf
165;consum
166;5minut
167;craft
168;ncsoft
169;simpli
170;logic
171;fighthypecom
172;movieclip
173;trailer
174;emmerdal
175;cobra
176;kai
177;black
178;eye
179;pea
180;movieclip
181;trailer
182;justin
183;chan
184;yeovil
185;town
186;footbal
187;club
188;iamauroravevo
189;myharto
190;charli
191;puth
192;south
193;front
194;theellenshow
195;liverpool
196;fc
197;mnet
198;kpop
199;brancepethbob
200;ran
201;futur
202;fia
203;tom
204;scott
205;babymet
206;youtub
207;spotlight
208;nerdwriter1
209;hazel
210;hay
211;hoodcelebrityyvevo
212;nico
213;blumhous
214;product
215;ign
216;leftway
217;saturday
218;night
219;live
220;movieaccesstrail
221;white
222;hous
223;vsauc
224;andr
225;black
226;nerd
227;ronan
228;mcgreevi
229;clivenbaparodi
230;xbox
231;charlott
232;tilburi
233;guardian
234;news
235;tyron
236;magnus
237;20th
238;centuri
239;fox
240;lili
241;pebbl
242;theellenshow
243;movieclip
244;trailer
245;supercarlinbroth
246;extra
247;credit
248;darksquidg
249;kamiv
250;bt
251;sport
252;adelainemorin
253;paramount
254;network
255;malumavevo
256;pure
257;nois
258;record
259;mnet
260;kpop
261;jypentertain
262;late
263;late
264;show
265;jame
266;corden
267;cjenmmus
268;offici
269;cinemasin
270;johnmayervevo
271;cnn
272;marshmello
273;budleewis
274;flo
275;rida
276;nintendo
277;labo
278;uk
279;great
280;big
281;stori
282;ed
283;sheeran
284;liverpool
285;fc
286;redlettermedia
287;woolliment
288;ktvu
289;camila
290;cabello
291;atlant
292;record
293;bbc
294;news
295;joe
296;budden
297;tv
298;emce
299;rapolog
300;marshmello
301;yarotska
302;unbox
303;therapi
304;bigboytv
305;breakingbenjaminvevo
306;meekmilltv
307;movi
308;trailer
309;sourc
310;redlettermedia
311;white
312;hous
313;today
314;hanson
315;2chainzvevo
316;like
317;make
318;stuff
319;avocado
320;wire
321;channel90second
322;newscom
323;ibighit
324;rated
325;mod
326;jimmi
327;kimmel
328;live
329;nfl
330;appl
331;matthuntervevo
332;est
333;lalond
334;warner
335;bros
336;pictur
337;mmafightingonsbn
338;jeremi
339;jahn
340;mnekvevo
341;movieclip
342;trailer
343;shawnmendesvevo
344;yearsandyearsvevo
345;farrukovevo
346;atrak
347;kygoofficialvevo
348;cline
349;caf
350;channel90second
351;newscom
352;cg
353;record
354;saturday
355;night
356;live
357;interpolvevo
358;pewdiepi
359;kroft
360;talk
361;movi
362;caguileravevo
363;ad
364;council
365;late
366;late
367;show
368;jame
369;corden
370;wendi
371;william
372;nicki
373;minaj
374;war
375;start
376;midnight
377;podcast
378;marvel
379;entertain
380;pga
381;tour
382;ladbabi
383;offici
384;munchi
385;jame
386;veitch
387;amelia
388;liana
389;clivenbaparodi
390;movieaccesstrail
391;talk
392;nerdi
393;new
394;york
395;daili
396;news
397;emili
398;hart
399;kitten
400;ladi
401;kaze
402;emanuar
403;build
404;seri
405;nerdwriter1
406;samantha
407;maria
408;foolmarkt
409;connorfranta
410;diplo
411;saturday
412;night
413;live
414;amazon
415;studio
416;hamilton
417;american
418;music
419;smtown
420;msnbc
421;troyesivanvevo
422;inthefrow
423;disney
424;movi
425;trailer
426;thirtysecondstomarsvevo
427;shoshana
428;bean
429;star
430;war
431;cole
432;marmalad
433;die
434;light
435;haimvevo
436;gracevanderwaalvevo
437;kathleenlight
438;big
439;brother
440;uk
441;cnn
442;grandsonvevo
443;late
444;night
445;seth
446;meyer
447;sam
448;harri
449;jimmi
450;kimmel
451;live
452;tonight
453;show
454;star
455;jimmi
456;fallon
457;republ
458;record
459;one
460;media
461;luca
462;spider
463;kway
464;lala
465;revolt
466;tv
467;mike
468;shinoda
469;tyler
470;stalman
471;wwe
472;contrapoint
473;tmz
474;sanadsk
475;eminemmus
476;fuel
477;ramen
478;power
479;106
480;los
481;angel
482;linkin
483;park
484;wwe
485;late
486;night
487;seth
488;meyer
489;superduperkyl
490;brockhampton
491;yvolut
492;covet
493;thee
494;vh1
495;chromeo
496;beat
497;1
498;radio
499;xqcow
500;indieanniejon
501;maroon5vevo
502;sabrinacarpentervevo
503;jacksonwangvevo
504;guldi
505;ricki
506;rebel
507;ian
508;daygold
509;zoella
510;leroy
511;sanchez
512;hiho
513;kid
514;star
515;war
516;saturday
517;night
518;live
519;lordefix
520;lordefix
521;twitter
522;eminemvevo
523;nile
524;wilson
525;partyhatcookiecat
526;hopeanim
527;channel90second
528;newscom
529;robertfrank615
530;marshmello
531;netflix
532;ricflairomania
533;florencemachinevevo
534;four
535;sprinkleofglitt
536;anna
537;akana
538;bbc
539;music
540;tmz
541;late
542;show
543;stephen
544;colbert
545;nationalbook
546;st
547;wilfrid
548;cathol
549;school
550;wwe
551;theellenshow
552;moviemix
553;wwe
554;american
555;idol
556;equal
557;vision
558;record
559;orvill
560;amara
561;la
562;negra
563;tessa
564;violet
565;marvel
566;entertain
567;verg
568;late
569;night
570;seth
571;meyer
572;late
573;late
574;show
575;jame
576;corden
577;smosh
578;warner
579;bros
580;pictur
581;screenjunki
582;news
583;h3h3product
584;funni
585;game
586;builder
587;pixielock
588;jheneaikovevo
589;bbc
590;music
591;dinah
592;jane
593;wwe
594;walk
595;earth
596;taylor
597;swift
598;madisonbeermusicvevo
599;theellenshow
600;jenni
601;nicholson
602;jimmi
603;kimmel
604;live
605;dash
606;cam
607;owner
608;australia
609;breakfast
610;club
611;power
612;1051
613;fm
614;nile
615;wilson
616;gamechamp3000
617;saturday
618;night
619;live
620;siriusxm
621;thereportoftheweek
622;vevo
623;judaspriestvevo
624;john
625;conforti
626;20th
627;centuri
628;fox
629;20th
630;centuri
631;fox
632;backstreetboysvevo
633;playerunknown
634;battleground
635;alex
636;becker
637;channel
638;ubisoft
639;north
640;america
641;rugbi
642;channel
643;brashern
644;ellamaivevo
645;marvel
646;entertain
647;smoothiethecat
648;kylieminogueonvevo
649;brother
650;keeper
651;allianc
652;fleur
653;deforc
654;late
655;late
656;show
657;jame
658;corden
659;today
660;safiya
661;nygaard
662;russel
663;brand
664;helen
665;anderson
666;stefan
667;molyneux
668;travi
669;peterson
670;wendov
671;product
672;fuel
673;ramen
674;late
675;late
676;show
677;jame
678;corden
679;sprinkleofglitt
680;smtown
681;hannah
682;stock
683;bbc
684;news
685;arcticmonkeysvevo
686;john
687;maclean
688;smtown
689;smith
690;zander
691;breakfast
692;club
693;power
694;1051
695;fm
696;elanalistadebit
697;zoella
698;kyli
699;minogu
700;arcticmonkeysvevo
701;write
702;mowtendoo
703;camila
704;cabello
705;cnn
706;marcus
707;butler
708;bbc
709;radio
710;1
711;samsmithworldvevo
712;golden
713;state
714;time
715;ibighit
716;grace
717;helbig
718;mikey
719;murphi
720;mason
721;lindroth
722;cncovevo
723;themeankitti
724;late
725;night
726;seth
727;meyer
728;ubisoft
729;us
730;emilia
731;fart
732;zhuvevo
733;wwe
734;gordon
735;ramsay
736;theellenshow
737;tv
738;guid
739;miad222
740;filmselect
741;trailer
742;anderson
743;paak
744;trap
745;citi
746;marshmello
747;manicstpreachersvevo
748;tonight
749;show
750;star
751;jimmi
752;fallon
753;fighthypecom
754;chris
755;stuckmann
756;iheartradio
757;beat
758;1
759;radio
760;angryjoeshow
761;late
762;night
763;seth
764;meyer
765;hollywood
766;unlock
767;abdirector
768;netflix
769;john
770;campea
771;young
772;turk
773;ubisoft
774;us
775;smtown
776;tmzsport
777;fc
778;barcelona
779;sigridvevo
780;american
781;idol
782;white
783;hous
784;ec
785;henri
786;clivenbaparodi
787;flatbushzombi
788;tv
789;ghost
790;capit
791;fm
792;sebastiaan
793;kulwanowski
794;redlettermedia
795;ed
796;sheeran
797;tonight
798;show
799;star
800;jimmi
801;fallon
802;lyndon
803;poskitt
804;race
805;martin
806;garrix
807;helen
808;anderson
809;tonight
810;show
811;star
812;jimmi
813;fallon
814;good
815;morn
816;britain
817;animalwis
818;legendari
819;diplo
820;hot
821;97
822;love
823;tv
824;love
825;magazin
826;today
827;jsaxofon
828;bbc
829;news
830;pbs
831;space
832;time
833;roy
834;moor
835;senat
836;fc
837;barcelona
838;clean
839;bandit
840;chris
841;stuckmann
842;playoverwatch
843;justdestini
844;tonight
845;show
846;star
847;jimmi
848;fallon
849;geazymusicvevo
850;ibighit
851;fleur
852;deforc
853;stmpd
854;rcrds
855;jimmi
856;kimmel
857;live
858;fifti
859;shade
860;ubisoft
861;us
862;today
863;skepta
864;fleur
865;deforc
866;marvel
867;entertain
868;late
869;night
870;seth
871;meyer
872;tmzsport
873;gracevanderwaalvevo
874;wwe
875;lisa
876;eldridg
877;samsmithworldvevo
878;houzztv
879;theellenshow
880;comicbookcom
881;visionari
882;music
883;group
884;jimmi
885;kimmel
886;live
887;cntlu
888;remymavevo
889;univers
890;music
891;japan
892;safiya
893;nygaard
894;harri
895;main
896;kim
897;thai
898;mbcentertain
899;west
900;midland
901;polic
902;karolgvevo
903;viralhog
904;dodo
905;samantha
906;maria
907;late
908;late
909;show
910;jame
911;corden
912;cjenmmus
913;offici
914;calvin
915;klein
916;great
917;big
918;stori
919;mtv
920;intern
921;earmus
922;netflix
923;univers
924;pictur
925;canada
926;ginobileeeh
927;raesremmurdvevo
928;hotdiggedydemon
929;bleacher
930;report
931;stop
932;autonom
933;weapon
934;georg
935;rockallschmidt
936;makeupbymichaelfinch
937;kfc
938;uk
939;ireland
940;zcure1
941;tbs
942;rickrossvevo
943;peeweetom
944;late
945;show
946;stephen
947;colbert
948;star
949;war
950;yandelvevo
951;inthefrow
952;eleven
953;seven
954;music
955;jimmi
956;kimmel
957;live
958;betway
959;insid
960;anna
961;akana
962;kaliuchisvevo
963;bbc
964;netflix
965;flow
966;la
967;movi
968;marzia
969;1thek
970;jonathan
971;morrison
972;bestinslot
973;eltonjohnvevo
974;jenniferlopezvevo
975;dodievevo
976;harrystylesvevo
977;ben
978;cathro
979;samfryltd
980;morezoella
981;jypentertain
982;saturday
983;night
984;live
985;screen
986;junki
987;tonight
988;show
989;star
990;jimmi
991;fallon
992;janell
993;mone
994;fiftyshadesvevo
995;fc
996;barcelona
997;cncovevo
998;megan
999;ellabi
1000;sway
1001;univers
1002;glamgor
1003;ami
1004;horowitz
1005;remymavevo
1006;melendioficialvevo
1007;deal
1008;guy
1009;comedi
1010;central
1011;teammojang
1012;migosvevo
1013;futurehyp
1014;espn
1015;hayley
1016;kiyoko
1017;tmzsport
1018;wendi
1019;william
1020;david
1021;guetta
1022;blackpinkxxxbt
1023;saturday
1024;night
1025;live
1026;jimmi
1027;kimmel
1028;live
1029;infograph
1030;show
1031;gq
1032;jimmi
1033;kimmel
1034;live
1035;jen
1036;campbel
1037;pointlessblogvlog
1038;numberphil
1039;mmafightingonsbn
1040;daili
1041;wire
1042;guy
1043;kesteven
1044;saturday
1045;night
1046;live
1047;bruno
1048;mar
1049;jeremi
1050;jahn
1051;la
1052;roja
1053;wire
1054;smtown
1055;espn
1056;googl
1057;spotlight
1058;stori
1059;theellenshow
1060;nerdist
1061;charli
1062;puth
1063;jimmi
1064;kimmel
1065;live
1066;liveloveasapvevo
1067;vogu
1068;chainsmok
1069;bbc
1070;jbalvinvevo
1071;haileesteinfeldvevo
1072;wendi
1073;william
1074;white
1075;hous
1076;cow
1077;chop
1078;baertaffi
1079;theellenshow
1080;one
1081;media
1082;late
1083;night
1084;seth
1085;meyer
1086;napalm
1087;record
1088;aaronsanim
1089;entertain
1090;tonight
1091;seventeen
1092;japan
1093;offici
1094;youtub
1095;kyli
1096;jenner
1097;lili
1098;pebbl
1099;nickiminajatvevo
1100;univers
1101;pictur
1102;lydia
1103;elis
1104;millen
1105;calvinharrisvevo
1106;chrisbrownvevo
1107;breakfast
1108;club
1109;power
1110;1051
1111;fm
1112;ferg
1113;american
1114;idol
1115;late
1116;show
1117;stephen
1118;colbert
1119;virustornado
1120;kpop
1121;award
1122;good
1123;mythic
1124;morn
1125;tonight
1126;show
1127;star
1128;jimmi
1129;fallon
1130;kelli
1131;clarkson
1132;att
1133;szavevo
1134;patricia
1135;bright
1136;selenagomezvevo
1137;loos
1138;women
1139;carri
1140;hope
1141;fletcher
1142;nile
1143;wilson
1144;troyesivanvevo
1145;hbomberguy
1146;american
1147;idol
1148;bbc
1149;news
1150;teaser
1151;pro
1152;simon
1153;giovannasworld
1154;write
1155;crack
1156;kickthepj
1157;carri
1158;underwood
1159;good
1160;charlott
1161;dodievevo
1162;ssm
1163;patricia
1164;bright
1165;late
1166;late
1167;show
1168;jame
1169;corden
1170;theellenshow
1171;ty
1172;dolla
1173;ign
1174;cameronbgc
1175;cupcakejemma
1176;blue
1177;origin
1178;rooster
1179;teeth
1180;brett
1181;domino
1182;theellenshow
1183;cake
1184;celinedionvevo
1185;klossi
1186;tedx
1187;talk
1188;2x
1189;famili
1190;late
1191;late
1192;show
1193;jame
1194;corden
1195;ghostbcvevo
1196;bikepark
1197;wale
1198;screen
1199;junki
1200;wwe
1201;1thek
1202;ufc
1203;ultim
1204;fight
1205;championship
1206;mother
1207;basement
1208;highlight
1209;heaven
1210;late
1211;show
1212;stephen
1213;colbert
1214;ozuna
1215;aaronsanim
1216;jimmi
1217;kimmel
1218;live
1219;fc
1220;barcelona
1221;mikehilldesign
1222;theellenshow
1223;doubl
1224;toast
1225;observ
1226;rapid
1227;trailer
1228;great
1229;big
1230;stori
1231;rejjiesnowvevo
1232;vh1
1233;seventeen
1234;eurovis
1235;song
1236;contest
1237;screen
1238;junki
1239;american
1240;idol
1241;katyperryvevo
1242;siavevo
1243;movieclip
1244;trailer
1245;rogu
1246;shadow
1247;vr
1248;watch
1249;happen
1250;live
1251;andi
1252;cohen
1253;ps4trophi
1254;randytaylor69
1255;stupidmariobros1fan
1256;tonight
1257;show
1258;star
1259;jimmi
1260;fallon
1261;hellogreedo
1262;bbc
1263;music
1264;late
1265;show
1266;stephen
1267;colbert
1268;chainsmokersvevo
1269;topicmusictv
1270;cinemassacr
1271;tmzsport
1272;cole
1273;marmalad
1274;team
1275;coco
1276;caguileravevo
1277;varieti
1278;nardwuarserviett
1279;ibighit
1280;wwe
1281;warner
1282;bros
1283;pictur
1284;zoella
1285;cbs
1286;morn
1287;twice
1288;japan
1289;offici
1290;youtub
1291;channel
1292;levelcapgam
1293;odontoscar1986
1294;watch
1295;happen
1296;live
1297;andi
1298;cohen
1299;julius
1300;caesar
1301;austin
1302;evan
1303;fleur
1304;deforc
1305;gwenstefanivevo
1306;calvinharrisvevo
1307;warner
1308;bros
1309;pictur
1310;insid
1311;edit
1312;troyesivanvevo
1313;szavevo
1314;updat
1315;music
1316;tv
1317;danisnotinterest
1318;full
1319;frontal
1320;samantha
1321;bee
1322;bbc
1323;radio
1324;1
1325;random
1326;guy
1327;movieclip
1328;trailer
1329;joyner
1330;luca
1331;amelia
1332;liana
1333;weezer
1334;gorillaz
1335;boogie2988
1336;giovannasworld
1337;view
1338;liampaynevevo
1339;novara
1340;media
1341;movieclip
1342;trailer
1343;wwe
1344;diplo
1345;lissievevo
1346;looper
1347;adult
1348;swim
1349;pinkvevo
1350;real
1351;madrid
1352;cf
1353;xcagegam
1354;ihascupquak
1355;wwe
1356;real
1357;time
1358;bill
1359;maher
1360;rachelplattenvevo
1361;luci
1362;moon
1363;netnobodi
1364;team
1365;coco
1366;late
1367;late
1368;show
1369;jame
1370;corden
1371;nintendo
1372;view
1373;kermodeandmayo
1374;nicol
1375;guerriero
1376;jami
1377;nikki
1378;fulltimedevil
1379;charli
1380;puth
1381;theneedledrop
1382;star
1383;war
1384;lol
1385;network
1386;ginger
1387;minj
1388;carri
1389;hope
1390;fletcher
1391;comicbookcom
1392;hot
1393;97
1394;5sosvevo
1395;playfungamespictur
1396;primit
1397;technolog
1398;aboogi
1399;wit
1400;da
1401;hoodi
1402;lindsay
1403;elli
1404;siavevo
1405;lyndon
1406;poskitt
1407;race
1408;trixi
1409;mattel
1410;nickelodeon
1411;tom
1412;fletcher
1413;nachovevo
1414;australian
1415;open
1416;tv
1417;crazyrussianhack
1418;amelia
1419;liana
1420;bon
1421;apptit
1422;hollywood
1423;report
1424;rita
1425;ora
1426;digitalfoundri
1427;calisthenicmov
1428;markipli
1429;jami
1430;geneviev
1431;divorc
1432;court
1433;late
1434;show
1435;stephen
1436;colbert
1437;busi
1438;insid
1439;today
1440;enduraoffici
1441;samanthamariavlog
1442;wwe
1443;collegehumor
1444;espn
1445;overwatch
1446;leagu
1447;vod
1448;late
1449;late
1450;show
1451;jame
1452;corden
1453;michell
1454;visag
1455;asian
1456;boss
1457;lil
1458;wayn
1459;jack
1460;whitehal
1461;kygoofficialvevo
1462;jimmi
1463;kimmel
1464;live
1465;screenjunki
1466;news
1467;endless
1468;entertain
1469;porter
1470;robinson
1471;pina
1472;record
1473;sprinkleofchatt
1474;samantha
1475;maria
1476;notjustblond
1477;kylo
1478;ren
1479;jackconteextra
1480;josh
1481;groban
1482;lara6683
1483;cctv
1484;mark
1485;sale
1486;tonight
1487;show
1488;star
1489;jimmi
1490;fallon
1491;focus
1492;featur
1493;j14
1494;magazin
1495;miguelvevo
1496;hous
1497;md
1498;bbc
1499;earth
1500;lab
1501;youtub
1502;spotlight
1503;samanthamariavlog
1504;mr
1505;av
1506;sylo
1507;star
1508;war
1509;lili
1510;allen
1511;videomusicaward
1512;desus
1513;mero
1514;voic
1515;jimmi
1516;kimmel
1517;live
1518;quinton
1519;review
1520;kfc
1521;ash
1522;hardel
1523;woolliment
1524;booksandquil
1525;angryjoeshow
1526;disney
1527;jaden
1528;smith
1529;dina
1530;tokio
1531;bhad
1532;bhabi
1533;hiphop
1534;sound
1535;noclip
1536;sophi
1537;louis
1538;wwe
1539;cnn
1540;doodlechao
1541;troyesivanvevo
1542;rocketjump
1543;ubisoft
1544;us
1545;mabelvevo
1546;hvdhplanespott
1547;late
1548;show
1549;stephen
1550;colbert
1551;hazel
1552;hay
1553;fighthypecom
1554;thamestv
1555;noah
1556;antwil
1557;kevin
1558;smith
1559;pretti
1560;good
1561;game
1562;colleen
1563;balling
1564;channel
1565;awesom
1566;taylor
1567;swift
1568;theellenshow
1569;bazzi
1570;caseyneistat
1571;breakfast
1572;club
1573;power
1574;1051
1575;fm
1576;envoguevevo
1577;kendricklamarvevo
1578;bbcradio1vevo
1579;theellenshow
1580;hannah
1581;stock
1582;tonight
1583;show
1584;star
1585;jimmi
1586;fallon
1587;late
1588;show
1589;stephen
1590;colbert
1591;hannah
1592;witton
1593;warner
1594;bros
1595;pictur
1596;truthspeak
1597;savag
1598;aaronsanim
1599;view
1600;cnn
1601;liam
1602;robertson
1603;game
1604;histori
1605;guy
1606;jenni
1607;nicholson
1608;cardi
1609;b
1610;late
1611;show
1612;stephen
1613;colbert
1614;man
1615;citi
1616;ufc
1617;ultim
1618;fight
1619;championship
1620;samantha
1621;maria
1622;wale
1623;hot
1624;97
1625;troublevevo
1626;bleecker
1627;street
1628;dodo
1629;migosvevo
1630;bbcradio1vevo
1631;geazymusicvevo
1632;bbc
1633;radio
1634;1
1635;promo
1636;sound
1637;tmzsport
1638;postmodernjukebox
1639;porter
1640;robinson
1641;coach
1642;infinitehom
1643;videogamedunkey
1644;anna
1645;edit
1646;studiocanaluk
1647;proxim
1648;saturday
1649;night
1650;live
1651;5fdpvevo
1652;catcreatur
1653;saturday
1654;night
1655;live
1656;collidervideo
1657;carrieunderwoodvevo
1658;new
1659;york
1660;time
1661;cnn
1662;star
1663;war
1664;queen
1665;offici
1666;marvel
1667;entertain
1668;imogen
1669;zendaya
1670;uninterrupt
1671;carrieunderwoodvevo
1672;watchmojocom
1673;chrisstapletonvevo
1674;galacticfus
1675;full
1676;frontal
1677;samantha
1678;bee
1679;soni
1680;pictur
1681;entertain
1682;mgm
1683;fresh
1684;life
1685;penitentiari
1686;superhero
1687;news
1688;ls
1689;pointlessblogvlog
1690;mike
1691;shinoda
1692;netflix
1693;h3h3product
1694;late
1695;show
1696;stephen
1697;colbert
1698;vaniti
1699;fair
1700;manga
1701;production24
1702;shane
1703;pro
1704;wrestl
1705;sheet
1706;entertain
1707;tonight
1708;yg
1709;entertain
1710;warner
1711;bros
1712;pictur
1713;smtown
1714;megan
1715;ellabi
1716;breakfast
1717;club
1718;power
1719;1051
1720;fm
1721;hellooctoberxo
1722;wisecrack
1723;full
1724;frontal
1725;samantha
1726;bee
1727;daisi
1728;marquez
1729;watchthedaili
1730;late
1731;show
1732;stephen
1733;colbert
1734;comedyshortsgam
1735;todrickhal
1736;pure
1737;nois
1738;record
1739;jenni
1740;nicholson
1741;azayn
1742;bbc
1743;radio
1744;1
1745;elis
1746;jimmi
1747;kimmel
1748;live
1749;daniel
1750;j
1751;layton
1752;daveeastvevo
1753;trap
1754;citi
1755;theellenshow
1756;american
1757;idol
1758;jacob
1759;sartorius
1760;movieclip
1761;trailer
1762;late
1763;late
1764;show
1765;jame
1766;corden
1767;virgin
1768;kitchen
1769;est
1770;lalond
1771;armin
1772;van
1773;buuren
1774;holland
1775;quicken
1776;loan
1777;aviciiofficialvevo
1778;inthefrow
1779;sonic
1780;hedgehog
1781;watch
1782;happen
1783;live
1784;andi
1785;cohen
1786;ty
1787;dolla
1788;ign
1789;pointlessblogvlog
1790;star
1791;war
1792;meme
1793;novebal
1794;screen
1795;junki
1796;pewdiepi
1797;mmafightingonsbn
1798;andrew
1799;low
1800;bangtantv
1801;hellooctoberxo
1802;vogu
1803;annemari
1804;shawn
1805;mend
1806;e
1807;entertain
1808;et
1809;canada
1810;bbc
1811;news
1812;macklemor
1813;llc
1814;davidbisbalvevo
1815;theellenshow
1816;zaynvevo
1817;stone
1818;music
1819;entertain
1820;wendi
1821;william
1822;fleur
1823;deforc
1824;unreal
1825;engin
1826;weeknd
1827;smtown
1828;fleur
1829;deforc
1830;amazon
1831;toni
1832;lowler
1833;david
1834;guetta
1835;jimmi
1836;kimmel
1837;live
1838;xstekkahx
1839;late
1840;show
1841;stephen
1842;colbert
1843;fox
1844;5
1845;dc
1846;time
1847;full
1848;frontal
1849;samantha
1850;bee
1851;american
1852;idol
1853;samantha
1854;maria
1855;tlc
1856;spfl
1857;golden
1858;state
1859;time
1860;romeosantosvevo
1861;kendricklamarvevo
1862;bad
1863;lip
1864;read
1865;howtobas
1866;mrrevillz
1867;pabllo
1868;vittar
1869;mrtreknat
1870;alpha
1871;entertain
1872;smtown
1873;marzia
1874;kunal
1875;gawad
1876;siavevo
1877;marqu
1878;brownle
1879;gggmanliv
1880;calumscottvevo
1881;jamesbayvevo
1882;fox
1883;news
1884;theellenshow
1885;megan
1886;ellabi
1887;good
1888;morn
1889;america
1890;mtb
1891;mag
1892;late
1893;late
1894;show
1895;jame
1896;corden
1897;thecubician
1898;breakfast
1899;club
1900;power
1901;1051
1902;fm
1903;morezoella
1904;popcorn
1905;peter
1906;traver
1907;bleacher
1908;report
1909;worldstarhiphop
1910;john
1911;lewi
1912;young
1913;thug
1914;rollercoast
1915;tycoon
1916;comedi
1917;central
1918;gq
1919;kendricklamarvevo
1920;harrystylesvevo
1921;ijustin
1922;great
1923;big
1924;stori
1925;madelain
1926;petsch
1927;lil
1928;durk
1929;voic
1930;superduperkyl
1931;shesez
1932;cole
1933;marmalad
1934;tonight
1935;show
1936;star
1937;jimmi
1938;fallon
1939;samantha
1940;maria
1941;officialcharlixcx
1942;johnlegendvevo
1943;pitchfork
1944;peter
1945;nichol
1946;theellenshow
1947;channel90second
1948;newscom
1949;carrieunderwoodvevo
1950;rwhitegoos
1951;traceythornvevo
1952;view
1953;jimmi
1954;kimmel
1955;live
1956;proxim
1957;lili
1958;pebbl
1959;liveloveasapvevo
1960;hbo
1961;highlight
1962;heaven
1963;voic
1964;ryan
1965;taylor
1966;late
1967;night
1968;seth
1969;meyer
1970;brain
1971;power
1972;studio
1973;redlettermedia
1974;breakfast
1975;club
1976;power
1977;1051
1978;fm
1979;bbcradio1vevo
1980;white
1981;hous
1982;late
1983;show
1984;stephen
1985;colbert
1986;jonathan
1987;pie
1988;espn
1989;battlefrontupd
1990;late
1991;late
1992;show
1993;jame
1994;corden
1995;jerryrigeveryth
1996;1thek
1997;roots66
1998;bhad
1999;bhabi
2000;marvel
2001;entertain
2002;reelzchannel
2003;inthefrow
2004;netflix
2005;lip
2006;sync
2007;battl
2008;jasmin
2009;rae
2010;stingvevo
2011;luci
2012;moon
2013;breath
2014;paradis
2015;time
2016;low
2017;michel
2018;corrado
2019;lili
2020;pebbl
2021;movieclip
2022;trailer
2023;abc
2024;news
2025;anna
2026;edit
2027;josh
2028;groban
2029;full
2030;frontal
2031;samantha
2032;bee
2033;okay
2034;smart
2035;redlettermedia
2036;saturday
2037;night
2038;live
2039;bbc
2040;radio
2041;1
2042;fc
2043;barcelona
2044;daili
2045;caller
2046;happyfac
2047;entertain
2048;movi
2049;chvrchesvevo
2050;worldstarhiphop
2051;elbowvevo
2052;ijustin
2053;star
2054;war
2055;theori
2056;21savagevevo
2057;sargon
2058;akkad
2059;garrett
2060;delozi
2061;jimmi
2062;kimmel
2063;live
2064;great
2065;interest
2066;funni
2067;gif
2068;charli
2069;puth
2070;nerdvevo
2071;preston
2072;jacob
2073;dishonour
2074;wolf
2075;crack
2076;liam
2077;gallagh
2078;voca
2079;product
2080;ok
2081;go
2082;zeddvevo
2083;netflix
2084;mamamoo
2085;fxitinpost
2086;arden
2087;rose
2088;bruno
2089;mar
2090;watch
2091;happen
2092;live
2093;andi
2094;cohen
2095;trap
2096;nation
2097;lemonylink
2098;jack
2099;movi
2100;review
2101;iggyazaleamusicvevo
2102;fc
2103;barcelona
2104;wire
2105;aviciiofficialvevo
2106;bhad
2107;bhabi
2108;jayparkoffici
2109;mark
2110;ferri
2111;zeddvevo
2112;theweekndvevo
2113;justintimberlakevevo
2114;amelia
2115;liana
2116;ptxoffici
2117;vogu
2118;ltcorbi
2119;worldstarhiphop
2120;warner
2121;bros
2122;pictur
2123;post
2124;malon
2125;today
2126;found
2127;netflix
2128;sirah
2129;russel
2130;brand
2131;scott
2132;manley
2133;simpli
2134;nailog
2135;drewtonyz
2136;shivaxi
2137;camila
2138;cabello
2139;jypentertain
2140;soni
2141;pictur
2142;entertain
2143;alex
2144;becker
2145;channel
2146;cloth
2147;map
2148;tlc
2149;uk
2150;kesha
2151;fbe
2152;marzia
2153;ballislif
2154;raw
2155;cupcakejemma
2156;shesez
2157;realvixx
2158;fundament
2159;disappoint
2160;bbc
2161;earth
2162;jenn
2163;im
2164;dua
2165;lipa
2166;crack
2167;kurzgesagt
2168;nutshel
2169;ladbabi
2170;offici
2171;real
2172;daytim
2173;time
2174;smith
2175;redlettermedia
2176;wong
2177;fu
2178;product
2179;sailor
2180;j
2181;worldstarhiphop
2182;graham
2183;norton
2184;show
2185;tv
2186;promo
2187;playstat
2188;pointlessblogvlog
2189;taylorswiftvevo
2190;jordan
2191;b
2192;peterson
2193;john
2194;maclean
2195;breakfast
2196;club
2197;power
2198;1051
2199;fm
2200;thearkiv
2201;bbc
2202;earth
2203;kris
2204;wu
2205;real
2206;time
2207;bill
2208;maher
2209;underneaththeneonlight
2210;love
2211;tv
2212;love
2213;magazin
2214;archd
2215;n
2216;bacon
2217;collegehumor
2218;lydia
2219;elis
2220;millen
2221;bhad
2222;bhabi
2223;50to01
2224;tv
2225;noclip
2226;visionari
2227;music
2228;group
2229;jimmi
2230;kimmel
2231;live
2232;fc
2233;barcelona
2234;filmselect
2235;trailer
2236;moviebob
2237;dong
2238;cjenmmus
2239;offici
2240;candid
2241;thovex
2242;jimmi
2243;kimmel
2244;live
2245;doug
2246;demuro
2247;ben
2248;cathro
2249;shinnox
2250;australia
2251;tmzsport
2252;billboard
2253;espn
2254;blocboy
2255;jb
2256;officialgucciman
2257;samanthamariavlog
2258;jimmi
2259;kimmel
2260;live
2261;mikeholder01
2262;fahd
2263;w
2264;rugbi
2265;insid
2266;edit
2267;tonight
2268;show
2269;star
2270;jimmi
2271;fallon
2272;offici
2273;jeremi
2274;corbyn
2275;channel
2276;nbc
2277;news
2278;kelli
2279;clarkson
2280;mcrush
2281;lifetim
2282;chris
2283;stuckmann
2284;univers
2285;pictur
2286;saturday
2287;night
2288;live
2289;ethan
2290;graci
2291;mmafightingonsbn
2292;team
2293;coco
2294;fleur
2295;deforc
2296;vice
2297;jamesbayvevo
2298;lisa
2299;eldridg
2300;bbc
2301;radio
2302;1
2303;cupcakejemma
2304;troy
2305;sivan
2306;mason
2307;ramsey
2308;late
2309;night
2310;seth
2311;meyer
2312;inthefrow
2313;olddominionvevo
2314;superduperkyl
2315;louisajohnsonvevo
2316;late
2317;show
2318;stephen
2319;colbert
2320;new
2321;yorker
2322;vmu
2323;dream
2324;a24
2325;shesez
2326;bbcradio1vevo
2327;ddriadon
2328;help
2329;vancouv
2330;vet
2331;littl
2332;mix
2333;brazil
2334;late
2335;night
2336;seth
2337;meyer
2338;power
2339;106
2340;los
2341;angel
2342;philip
2343;defranco
2344;ibighit
2345;theellenshow
2346;seri
2347;trailer
2348;mp
2349;nile
2350;wilson
2351;spacex
2352;cole
2353;marmalad
2354;daili
2355;tvshowbiz
2356;hot
2357;news
2358;hot
2359;97
2360;mgmtvevo
2361;redlettermedia
2362;best
2363;friend
2364;american
2365;idol
2366;sprinkleofglitt
2367;movieclip
2368;trailer
2369;mlg
2370;highlight
2371;luci
2372;moon
2373;theellenshow
2374;benato
2375;khalidvevo
2376;theellenshow
2377;calvinharrisvevo
2378;sabrina
2379;claudio
2380;fighthypecom
2381;i20n3i
2382;minusheadrecord
2383;gattu
2384;jimmi
2385;kimmel
2386;live
2387;saturday
2388;night
2389;live
2390;powerfuljr
2391;jimmi
2392;kimmel
2393;live
2394;watch
2395;happen
2396;live
2397;andi
2398;cohen
2399;hbo
2400;tonight
2401;show
2402;star
2403;jimmi
2404;fallon
2405;gfriend
2406;offici
2407;thevoidzvevo
2408;tonight
2409;show
2410;star
2411;jimmi
2412;fallon
2413;bhad
2414;bhabi
2415;travisscottvevo
2416;tyler
2417;william
2418;tu
2419;fan
2420;tonight
2421;show
2422;star
2423;jimmi
2424;fallon
2425;videogamedunkey
2426;marshmello
2427;voic
2428;daz
2429;game
2430;caspar
2431;ubisoft
2432;north
2433;america
2434;idr
2435;lab
2436;theellenshow
2437;bing
2438;babish
2439;beat
2440;1
2441;radio
2442;bjrk
2443;beyond
2444;summit
2445;janemba8000
2446;bbc
2447;earth
2448;marvel
2449;entertain
2450;orion
2451;acaba
2452;franzferdinandvevo
2453;late
2454;show
2455;stephen
2456;colbert
2457;sunlif
2458;redlettermedia
2459;salford
2460;citi
2461;footbal
2462;club
2463;sprinkleofglitt
2464;saturday
2465;night
2466;live
2467;asthmat
2468;kitti
2469;record
2470;eminemvevo
2471;polygon
2472;observ
2473;janell
2474;mone
2475;smtown
2476;mtv
2477;news
2478;tonight
2479;show
2480;star
2481;jimmi
2482;fallon
2483;bangtantv
2484;meek
2485;mill
2486;camilacabellovevo
2487;hiphollywood
2488;lil
2489;wayn
2490;est
2491;lalond
2492;one
2493;media
2494;theellenshow
2495;est
2496;lalond
2497;superfruit
2498;smtown
2499;20th
2500;centuri
2501;fox
2502;wire
2503;marzia
2504;late
2505;late
2506;show
2507;jame
2508;corden
2509;thewishmast
2510;allyourscreen
2511;diplo
2512;disney
2513;movi
2514;trailer
2515;lukebryanvevo
2516;anselelgortvevo
2517;amelia
2518;liana
2519;88rise
2520;exidoffici
2521;smtown
2522;sprinkleofglitt
2523;electr
2524;mountain
2525;bike
2526;network
2527;david
2528;guetta
2529;hollywood
2530;report
2531;jackwhitevevo
2532;niallhoranvevo
2533;mnet
2534;kpop
2535;danandphilgam
2536;noclip
2537;pointlessblogvlog
2538;nipsey
2539;hussl
2540;netflix
2541;dorito
2542;sprinkleofglitt
2543;atlant
2544;record
2545;redlettermedia
2546;movieclip
2547;trailer
2548;catcreatur
2549;xbox
2550;saturday
2551;night
2552;live
2553;anti
2554;record
2555;theellenshow
2556;nicol
2557;arbour
2558;jimmi
2559;kimmel
2560;live
2561;dumbledoor26
2562;glamgor
2563;primavera
2564;sound
2565;saturday
2566;night
2567;live
2568;warner
2569;bros
2570;pictur
2571;genius
2572;kickthepj
2573;liberti
2574;hound
2575;cake
2576;lindsay
2577;elli
2578;jessii
2579;vee
2580;oli
2581;white
2582;nasey
2583;famili
2584;late
2585;late
2586;show
2587;jame
2588;corden
2589;tmzsport
2590;oneplus
2591;tonight
2592;show
2593;star
2594;jimmi
2595;fallon
2596;tonight
2597;show
2598;star
2599;jimmi
2600;fallon
2601;logan
2602;paul
2603;vlog
2604;marvel
2605;entertain
2606;way
2607;1997
2608;14999999
2609;view
2610;albertina
2611;luan
2612;voxi
2613;product
2614;late
2615;late
2616;show
2617;jame
2618;corden
2619;florencemachinevevo
2620;breakfast
2621;club
2622;power
2623;1051
2624;fm
2625;samsung
2626;mobil
2627;usa
2628;majid
2629;jordan
2630;vh1
2631;playoverwatch
2632;tonight
2633;show
2634;star
2635;jimmi
2636;fallon
2637;marshmello
2638;chelsea
2639;man
2640;samanthamariavlog
2641;good
2642;morn
2643;britain
2644;banana
2645;cultur
2646;music
2647;architectur
2648;digest
2649;star
2650;war
2651;migosvevo
2652;noodlerella
2653;american
2654;idol
2655;j
2656;cole
2657;screen
2658;junki
2659;jame
2660;charl
2661;ladygagavevo
2662;fiftyshadesvevo
2663;ten
2664;second
2665;song
2666;samanthamariavlog
2667;saturday
2668;night
2669;live
2670;tv
2671;promo
2672;msaaliyahjay
2673;voic
2674;westfesttv
2675;soju
2676;shesez
2677;youtub
2678;new
2679;trailer
2680;buzz
2681;harri
2682;main
2683;helen
2684;anderson
2685;littlemixvevo
2686;thij
2687;hearthston
2688;redlettermedia
2689;oxfordunion
2690;altj
2691;bob
2692;drag
2693;queen
2694;tonight
2695;show
2696;star
2697;jimmi
2698;fallon
2699;star
2700;war
2701;explain
2702;hazel
2703;hay
2704;lili
2705;pebbl
2706;jutarnji
2707;list
2708;christin
2709;queen
2710;kodak
2711;black
2712;1thek
2713;zeldaxlove64
2714;christina
2715;grimmi
2716;verg
2717;espn
2718;mmafightingonsbn
2719;geazymusicvevo
2720;late
2721;night
2722;seth
2723;meyer
2724;kayley
2725;melissa
2726;late
2727;show
2728;stephen
2729;colbert
2730;nicki
2731;minaj
2732;tonight
2733;show
2734;star
2735;jimmi
2736;fallon
2737;88rise
2738;visionari
2739;music
2740;group
2741;euronew
2742;en
2743;franai
2744;kyle
2745;meredith
2746;catpus
2747;bad
2748;lip
2749;read
2750;samantha
2751;maria
2752;wowpres
2753;monster
2754;energi
2755;supercross
2756;guardian
2757;news
2758;giovannasworld
2759;thesamtsui
2760;20th
2761;centuri
2762;fox
2763;starshiptv
2764;dallen
2765;reber
2766;tmz
2767;theellenshow
2768;vern
2769;troyer
2770;one
2771;media
2772;fatv
2773;beat
2774;1
2775;radio
2776;paul
2777;bunion
2778;kream
2779;zero
2780;ram
2781;truck
2782;vodounefekt
2783;djkhaledvevo
2784;bjrk
2785;helen
2786;anderson
2787;inthefrow
2788;simpson
2789;road
2790;rage
2791;gameplay
2792;cosmopolitancom
2793;2ndjerma
2794;traxxi
2795;lil
2796;uzi
2797;vert
2798;jypentertain
2799;bbc
2800;news
2801;clivenbaparodi
2802;sanadsk
2803;first
2804;feast
2805;warner
2806;bros
2807;pictur
2808;eleven
2809;seven
2810;music
2811;iggyazaleamusicvevo
2812;cohe
2813;cambria
2814;ariana
2815;grand
2816;channel90second
2817;newscom
2818;lele
2819;pon
2820;ladygagavevo
2821;tmz
2822;shadowscal
2823;espn
2824;new
2825;trailer
2826;buzz
2827;youtubia
2828;tv
2829;woolliment
2830;tiffyquak
2831;morezoella
2832;chelsea
2833;smtown
2834;starshiptv
2835;imax
2836;insan
2837;championship
2838;wrestl
2839;icw
2840;worldstarhiphop
2841;jacksfilm
2842;cook
2843;2cello
2844;best
2845;unintent
2846;asmr
2847;late
2848;late
2849;show
2850;jame
2851;corden
2852;nfl
2853;film
2854;migosvevo
2855;theellenshow
2856;startalk
2857;charli
2858;puth
2859;alan
2860;walker
2861;movieclip
2862;trailer
2863;milck
2864;inthefrow
2865;maroon5vevo
2866;richthekidvevo
2867;jacquelin
2868;tsai
2869;best
2870;simpson
2871;charact
2872;architectur
2873;digest
2874;sacconejoli
2875;laura
2876;lee
2877;luisfonsivevo
2878;vanc
2879;joy
2880;late
2881;night
2882;seth
2883;meyer
2884;thereportoftheweek
2885;zumba
2886;white
2887;hous
2888;cardi
2889;b
2890;ovo
2891;sound
2892;googl
2893;bleacher
2894;report
2895;lorrain
2896;engineerguy
2897;espn
2898;thekempi
2899;hbo
2900;nbc
2901;news
2902;covet
2903;thee
2904;nile
2905;wilson
2906;panic
2907;disco
2908;tonight
2909;show
2910;star
2911;jimmi
2912;fallon
2913;leeroyplambeck
2914;broni
2915;fan37
2916;portug
2917;man
2918;sardonicast
2919;amelia
2920;liana
2921;evan
2922;eding
2923;tmzsport
2924;cinemassacr
2925;marvel
2926;entertain
2927;elli
2928;jare
2929;ufc
2930;ultim
2931;fight
2932;championship
2933;mike
2934;boyd
2935;wendi
2936;william
2937;5sosvevo
2938;saturday
2939;night
2940;live
2941;jimmi
2942;kimmel
2943;live
2944;postmalonevevo
2945;lukeisnotsexi
2946;breakfast
2947;club
2948;power
2949;1051
2950;fm
2951;lele
2952;pon
2953;vogu
2954;sbn3
2955;disney
2956;movi
2957;trailer
2958;mnet
2959;kpop
2960;watch
2961;happen
2962;live
2963;andi
2964;cohen
2965;bikepack
2966;scotland
2967;kitchen
2968;nightmar
2969;william
2970;osman
2971;fncent
2972;ptxoffici
2973;pewdiepi
2974;wwe
2975;cnn
2976;tmz
2977;djsnakevevo
2978;jimmi
2979;kimmel
2980;live
2981;movieclip
2982;trailer
2983;blackeyedpeasvevo
2984;philip
2985;defranco
2986;wire
2987;luci
2988;moon
2989;nba
2990;tnt
2991;young
2992;father
2993;themeankitti
2994;bill
2995;wurtz
2996;rageahol
2997;nickyjamtv
2998;netflix
2999;siavevo
3000;taylorswiftvevo
3001;mlg
3002;highlight
3003;prime
3004;video
3005;carri
3006;hope
3007;fletcher
3008;a24
3009;taylor
3010;swift
3011;ultra
3012;music
3013;one
3014;media
3015;foo
3016;fighter
3017;jimmi
3018;kimmel
3019;live
3020;nile
3021;wilson
3022;mrmattyplay
3023;samantha
3024;maria
3025;smtown
3026;franzferdinandvevo
3027;camila
3028;cabello
3029;superduperkyl
3030;lip
3031;sync
3032;battl
3033;tonight
3034;show
3035;star
3036;jimmi
3037;fallon
3038;dont
3039;pina
3040;record
3041;tonight
3042;show
3043;star
3044;jimmi
3045;fallon
3046;lil
3047;durk
3048;netflix
3049;selenagomezvevo
3050;childishgambinovevo
3051;jack
3052;maynard
3053;tonight
3054;show
3055;star
3056;jimmi
3057;fallon
3058;tinasheofficialvevo
3059;late
3060;late
3061;show
3062;jame
3063;corden
3064;montreal
3065;mhd
3066;officiel
3067;juanesvevo
3068;djsnakevevo
3069;love
3070;tv
3071;love
3072;magazin
3073;nikefutebol
3074;desimpedido
3075;worldstarhiphop
3076;channel90second
3077;newscom
3078;worldstarhiphop
3079;samanthamariavlog
3080;powerfuljr
3081;sophdoesnail
3082;colinfurz
3083;jimmi
3084;kimmel
3085;live
3086;beat
3087;1
3088;radio
3089;late
3090;night
3091;seth
3092;meyer
3093;jayrockvevo
3094;tmzsport
3095;call
3096;duti
3097;hot
3098;97
3099;star
3100;war
3101;white
3102;hous
3103;bbc
3104;music
3105;sing
3106;traveller047
3107;screenjunki
3108;news
3109;slaymeclarkson
3110;c
3111;theodd1sout
3112;ea
3113;sport
3114;fifa
3115;bbc
3116;sport
3117;univers
3118;pictur
3119;home
3120;entertain
3121;busi
3122;insid
3123;imaginedragonsvevo
3124;dodo
3125;paramount
3126;pictur
3127;katyperryvevo
3128;kitten
3129;ladi
3130;vogu
3131;calumscottvevo
3132;mvtia
3133;mmafightingonsbn
3134;theellenshow
3135;daniel
3136;j
3137;layton
3138;worldstarhiphop
3139;logan
3140;paul
3141;vlog
3142;joyner
3143;luca
3144;vox
3145;liampaynevevo
3146;collidervideo
3147;blizzard
3148;entertain
3149;jimmi
3150;kimmel
3151;live
3152;kelelavevo
3153;darbyshir
3154;funforloui
3155;bhad
3156;bhabi
3157;movieaccesstrail
3158;scott
3159;seaton
3160;nickiminajatvevo
3161;ifl
3162;tv
3163;dorito
3164;blaze
3165;vs
3166;mtn
3167;dew
3168;ice
3169;tyler
3170;creator
3171;megan
3172;ellabi
3173;tonight
3174;show
3175;star
3176;jimmi
3177;fallon
3178;sebastianyatravevo
3179;capcomchannel
3180;jackwhitevevo
3181;caguileravevo
3182;marqu
3183;brownle
3184;american
3185;idol
3186;reallifelor
3187;bastillevevo
3188;nba
3189;mylifeaseva
3190;uci
3191;famous
3192;dex
3193;ozuna
3194;e
3195;live
3196;red
3197;carpet
3198;1thek
3199;tonight
3200;show
3201;star
3202;jimmi
3203;fallon
3204;rudi
3205;mancuso
3206;helen
3207;anderson
3208;halseyvevo
3209;alex
3210;gilbert
3211;buzzfeedvideo
3212;late
3213;show
3214;stephen
3215;colbert
3216;tonight
3217;show
3218;star
3219;jimmi
3220;fallon
3221;ufc
3222;ultim
3223;fight
3224;championship
3225;georgeezravevo
3226;vice
3227;news
3228;vaniti
3229;fair
3230;20th
3231;centuri
3232;fox
3233;marcus
3234;butler
3235;com3t
3236;fox
3237;news
3238;ovo
3239;sound
3240;bandai
3241;namco
3242;entertain
3243;europ
3244;bbc
3245;music
3246;genius
3247;pointlessblogvlog
3248;bbc
3249;daniel
3250;j
3251;layton
3252;vsauc
3253;univers
3254;pictur
3255;green
3256;eagl
3257;tyler
3258;oakley
3259;smtown
3260;paramount
3261;pictur
3262;vaniti
3263;fair
3264;mike
3265;shinoda
3266;justintimberlak
3267;jypentertain
3268;vox
3269;movieclip
3270;trailer
3271;wwe
3272;chainsmokersvevo
3273;jeremi
3274;jahn
3275;pointlessblogvlog
3276;theellenshow
3277;stevo
3278;chick
3279;call
3280;albert
3281;kiss
3282;fm
3283;uk
3284;insid
3285;espn
3286;tmzsport
3287;gabriella
3288;lindley
3289;saturday
3290;night
3291;live
3292;summon
3293;salt
3294;matt
3295;steffanina
3296;tanya
3297;burr
3298;disneypixar
3299;seventeen
3300;slow
3301;mo
3302;guy
3303;lietuvo
3304;futbolo
3305;rinktin
3306;archyva
3307;dovecott
3308;lip
3309;sync
3310;battl
3311;ubisoft
3312;us
3313;graham
3314;norton
3315;show
3316;red
3317;bull
3318;netflix
3319;sophia
3320;cinzia
3321;barcroft
3322;anim
3323;fox
3324;news
3325;patricia
3326;bright
3327;talkbeckytalk
3328;pomegran
3329;sunshin
3330;hayley
3331;kiyoko
3332;gilcang
3333;late
3334;late
3335;show
3336;jame
3337;corden
3338;ign
3339;complex
3340;sophi
3341;louis
3342;doddlevloggl
3343;complex
3344;wolf
3345;video
3346;fleurdevlog
3347;green
3348;day
3349;theellenshow
3350;tmz
3351;amelia
3352;liana
3353;pewdiepi
3354;bastillevevo
3355;mcrush
3356;damonandjo
3357;hot
3358;97
3359;william
3360;sing
3361;rapstar
3362;doddlevloggl
3363;twitch
3364;moment
3365;hayley
3366;kiyoko
3367;levi
3368;luttrel
3369;golden
3370;state
3371;time
3372;jimmi
3373;kimmel
3374;live
3375;collegehumor
3376;flumeaus
3377;john
3378;scurek
3379;est
3380;lalond
3381;hermusicvevo
3382;fullychargedshow
3383;sprinkleofglitt
3384;inthefrow
3385;american
3386;idol
3387;r
3388;z
3389;r
3390;cinefix
3391;shawn
3392;johnson
3393;east
3394;halseyvevo
3395;weeknd
3396;saturday
3397;night
3398;live
3399;inthefrow
3400;samantha
3401;maria
3402;tonight
3403;show
3404;star
3405;jimmi
3406;fallon
3407;siriusxm
3408;tonight
3409;show
3410;star
3411;jimmi
3412;fallon
3413;bbc
3414;radio
3415;1
3416;et
3417;canada
3418;opposit
3419;w
3420;jordan
3421;klepper
3422;smtown
3423;gracevanderwaalvevo
3424;cjenmmus
3425;offici
3426;hunchojackvevo
3427;szavevo
3428;film
3429;theorist
3430;wendi
3431;william
3432;comicbookcom
3433;e
3434;live
3435;red
3436;carpet
3437;bad
3438;lip
3439;read
3440;kinda
3441;funni
3442;game
3443;emmablackeri
3444;we2litcrew
3445;summit
3446;sprinkleofglitt
3447;pewdiepi
3448;desus
3449;mero
3450;doctoroz
3451;cnn
3452;tanya
3453;burr
3454;red
3455;boy
3456;genosamuel2
3457;tmzsport
3458;caguileravevo
3459;disney
3460;descend
3461;breakfast
3462;club
3463;power
3464;1051
3465;fm
3466;tmzsport
3467;nipsey
3468;hussl
3469;dodo
3470;logan
3471;paul
3472;vlog
3473;tmzsport
3474;simon
3475;martina
3476;primit
3477;technolog
3478;futurevevo
3479;seven
3480;season
3481;unit
3482;lost
3483;great
3484;british
3485;game
3486;copa90
3487;shinedown
3488;grand
3489;tour
3490;wire
3491;saturday
3492;night
3493;live
3494;late
3495;late
3496;show
3497;jame
3498;corden
3499;nickyjamtv
3500;hobbi
3501;stuart
3502;kermodeandmayo
3503;mesa
3504;sean
3505;seanpaulvevo
3506;mashabl
3507;daili
3508;late
3509;late
3510;show
3511;jame
3512;corden
3513;breakfast
3514;club
3515;power
3516;1051
3517;fm
3518;lili
3519;pebbl
3520;carri
3521;hope
3522;fletcher
3523;olivia
3524;jade
3525;1thek
3526;anim
3527;fox
3528;bill
3529;wurtz
3530;chris
3531;lee
3532;mauler
3533;theellenshow
3534;tbs
3535;game
3536;historian
3537;bbc
3538;mauler
3539;chainsmokersvevo
3540;itv
3541;news
3542;late
3543;show
3544;stephen
3545;colbert
3546;fox
3547;news
3548;underground
3549;sound
3550;marshmello
3551;flobot
3552;patrick
3553;h
3554;willem
3555;ross
3556;kempsel
3557;jenni
3558;nicholson
3559;kehlani
3560;parrish
3561;kyli
3562;minogu
3563;hamilton
3564;american
3565;music
3566;u2vevo
3567;overtim
3568;tmzsport
3569;xiedubbel
3570;caseyneistat
3571;cinemasin
3572;unnilunium
3573;ralphthemoviemak
3574;breakfast
3575;club
3576;power
3577;1051
3578;fm
3579;hunchojackvevo
3580;rosemo
3581;stewart
3582;jenniferlopezvevo
3583;gunsnrosesvevo
3584;grand
3585;tour
3586;lawrenc
3587;carpent
3588;maroon5vevo
3589;beyond
3590;trailer
3591;cole
3592;bennett
3593;wow
3594;smith
3595;worldstarhiphop
3596;channel
3597;4
3598;news
3599;tmzsport
3600;theellenshow
3601;clothesencount
3602;daniel
3603;j
3604;layton
3605;npcarlsson
3606;bbcradio1vevo
3607;white
3608;hous
3609;panda
3610;global
3611;star
3612;war
3613;explain
3614;wwe
3615;know
3616;panic
3617;disco
3618;waymo
3619;kingsley
3620;inthefrow
3621;late
3622;night
3623;seth
3624;meyer
3625;tonight
3626;show
3627;star
3628;jimmi
3629;fallon
3630;varieti
3631;wwe
3632;jimmi
3633;kimmel
3634;live
3635;white
3636;hous
3637;20th
3638;centuri
3639;fox
3640;amazingphil
3641;tmz
3642;nintendo
3643;spotifi
3644;bobbi
3645;burn
3646;today
3647;andrew
3648;huang
3649;samantha
3650;maria
3651;gamespot
3652;gameanim
3653;postmalonevevo
3654;field
3655;music
3656;breakfast
3657;club
3658;power
3659;1051
3660;fm
3661;jimmi
3662;kimmel
3663;live
3664;exidoffici
3665;theellenshow
3666;stephen
3667;howson
3668;fc
3669;liberti
3670;hound
3671;howtobas
3672;marshmello
3673;dalordz
3674;princ
3675;fox
3676;news
3677;armin
3678;van
3679;buuren
3680;movi
3681;trailer
3682;sourc
3683;wwe
3684;20th
3685;centuri
3686;fox
3687;jimmi
3688;kimmel
3689;live
3690;samantha
3691;maria
3692;theellenshow
3693;torymax
3694;team
3695;coco
3696;giovannasworld
3697;vevo
3698;dscvr
3699;theellenshow
3700;netflix
3701;monsta
3702;x
3703;justintimberlakevevo
3704;jamesblakevevo
3705;liza
3706;koshi
3707;tbs
3708;bbc
3709;news
3710;mlb
3711;justintimberlakevevo
3712;ufc
3713;ultim
3714;fight
3715;championship
3716;bbc
3717;news
3718;screen
3719;team
3720;ubisoft
3721;us
3722;marcus
3723;butler
3724;scran
3725;line
3726;screen
3727;junki
3728;hardknocktv
3729;breakfast
3730;club
3731;power
3732;1051
3733;fm
3734;wwe
3735;moviebob
3736;fabio
3737;wibmer
3738;clairo
3739;theellenshow
3740;monster
3741;energi
3742;supercross
3743;youtub
3744;chromeo
3745;great
3746;big
3747;stori
3748;wire
3749;helen
3750;anderson
3751;bangtantv
3752;mac
3753;demarco
3754;glizzi
3755;gang
3756;mtv
3757;news
3758;adult
3759;swim
3760;sugarlandvevo
3761;sigridvevo
3762;gq
3763;5
3764;second
3765;summer
3766;sardonicast
3767;angryjoeshow
3768;eurogam
3769;szavevo
3770;interscop
3771;record
3772;kbs
3773;world
3774;tv
3775;warner
3776;bros
3777;pictur
3778;british
3779;vogu
3780;php
3781;stx
3782;entertain
3783;smith
3784;mindless
3785;entertain
3786;vinicius
3787;batista
3788;de
3789;oliveira
3790;movieclip
3791;trailer
3792;old
3793;spice
3794;voic
3795;hin
3796;nya
3797;oscar
3798;hbo
3799;samantha
3800;maria
3801;campo
3802;santo
3803;product
3804;jake
3805;paul
3806;korean
3807;englishman
3808;secureteam10
3809;theellenshow
3810;tia
3811;mowri
3812;quick
3813;fix
3814;carri
3815;hope
3816;fletcher
3817;jadensmithvevo
3818;fuel
3819;ramen
3820;warner
3821;bros
3822;pictur
3823;ubisoft
3824;us
3825;theellenshow
3826;anna
3827;saccon
3828;tmzsport
3829;cestrian81
3830;rob
3831;ronnenberg
3832;franzferdinandvevo
3833;sbs
3834;entertain
3835;white
3836;hous
3837;thuleanperspect
3838;winner
3839;nba
3840;zoella
3841;nfl
3842;peter
3843;parker
3844;tube
3845;demon
3846;inu
3847;saturday
3848;night
3849;live
3850;star
3851;war
3852;expand
3853;tonight
3854;show
3855;star
3856;jimmi
3857;fallon
3858;major
3859;leagu
3860;soccer
3861;atlant
3862;record
3863;kanebrownvevo
3864;markthomasbuild
3865;da
3866;nabz
3867;royceda59vevo
3868;shawn
3869;johnson
3870;east
3871;sunset
3872;televis
3873;hazel
3874;hay
3875;faceit
3876;lane
3877;anderson
3878;theoffcamerashow
3879;hous
3880;velour
3881;star
3882;war
3883;tripl
3884;j
3885;daniel
3886;j
3887;layton
3888;orion
3889;pictur
3890;natali
3891;outlet
3892;inthefrow
3893;matt
3894;queen
3895;naija
3896;sway
3897;univers
3898;meek
3899;mill
3900;smtown
3901;taylorswiftvevo
3902;late
3903;night
3904;seth
3905;meyer
3906;kard
3907;netflix
3908;john
3909;campea
3910;tonight
3911;show
3912;star
3913;jimmi
3914;fallon
3915;grace
3916;helbig
3917;redlettermedia
3918;netflix
3919;tide
3920;uhhuhhim
3921;caspar
3922;durbeyfield
3923;tprice89
3924;uk
3925;bike
3926;skill
3927;kelli
3928;clarkson
3929;nintendo
3930;etc
3931;show
3932;soni
3933;pictur
3934;entertain
3935;chvrchesvevo
3936;bill
3937;wurtz
3938;breakfast
3939;club
3940;power
3941;1051
3942;fm
3943;wassabi
3944;product
3945;redlettermedia
3946;danielcaesarvevo
3947;queensstoneagevevo
3948;fox
3949;news
3950;chainsmokersvevo
3951;asapsci
3952;lip
3953;sync
3954;battl
3955;noobhunt
3956;nerdist
3957;thescriptvevo
3958;air
3959;ryan
3960;seacrest
3961;jona
3962;neubauer
3963;espn
3964;mma
3965;focus
3966;suzi
3967;lucio
3968;fantini
3969;taylor
3970;swift
3971;tmz
3972;mauler
3973;open
3974;road
3975;film
3976;malumavevo
3977;pewdiepi
3978;tonight
3979;show
3980;star
3981;jimmi
3982;fallon
3983;mnet
3984;kpop
3985;instyl
3986;lord
3987;buckethead
3988;peg
3989;manag
3990;movieclip
3991;trailer
3992;beat
3993;1
3994;radio
3995;theellenshow
3996;diplo
3997;beyond
3998;trailer
3999;patricia
4000;bright
4001;univers
4002;pictur
4003;zoella
4004;rob
4005;scallon
4006;ptxoffici
4007;espn
4008;late
4009;late
4010;show
4011;jame
4012;corden
4013;borussia
4014;dortmund
4015;bbc
4016;radio
4017;1
4018;sophi
4019;american
4020;idol
4021;theoffcamerashow
4022;today
4023;doddleoddl
4024;sprinkleofchatt
4025;rosanna
4026;pansino
4027;mauler
4028;nintendo
4029;wire
4030;blackpink
4031;four
4032;view
4033;royceda59vevo
4034;mgkvevo
4035;nikkietutori
4036;fc
4037;barcelona
4038;playstat
4039;chvrchesvevo
4040;walrusrid
4041;paramount
4042;pictur
4043;ptxoffici
4044;migosvevo
4045;movi
4046;guy
4047;kande
4048;johnson
4049;good
4050;morn
4051;britain
4052;nbc
4053;sugarlandvevo
4054;highlight
4055;heaven
4056;ignoramuski
4057;tanya
4058;burr
4059;bostondynam
4060;cole
4061;marmalad
4062;star
4063;war
4064;eminemvevo
4065;wombat
4066;bbc
4067;radio
4068;1
4069;hbo
4070;breakfast
4071;club
4072;power
4073;1051
4074;fm
4075;white
4076;hous
4077;silesian
4078;sailor
4079;arianagrandevevo
4080;yg
4081;entertain
4082;marshmello
4083;buzzfeedvideo
4084;playboi
4085;carti
4086;leak
4087;ralphthemoviemak
4088;filmselect
4089;trailer
4090;nathanfield
4091;mose
4092;bach
4093;univers
4094;pictur
4095;nerdvevo
4096;netflix
4097;tom
4098;fletcher
4099;desi
4100;perkin
4101;view
4102;late
4103;show
4104;stephen
4105;colbert
4106;angi
4107;martinez
4108;show
4109;offici
4110;ace
4111;lili
4112;pebbl
4113;soni
4114;pictur
4115;entertain
4116;bbcradio1vevo
4117;liza
4118;koshi
4119;tonight
4120;show
4121;star
4122;jimmi
4123;fallon
4124;justintimberlakevevo
4125;operatordrewski
4126;abc
4127;televis
4128;network
4129;redlettermedia
4130;jessiepaeg
4131;mnet
4132;kpop
4133;x
4134;factor
4135;uk
4136;lindsay
4137;elli
4138;marilynmansonvevo
4139;good
4140;morn
4141;america
4142;america
4143;got
4144;talent
4145;presid
4146;trump
4147;live
4148;stream
4149;sacconejoli
4150;smtown
4151;wwe
4152;netflix
4153;seventeen
4154;jorjasmithvevo
4155;marvel
4156;entertain
4157;ufc
4158;ultim
4159;fight
4160;championship
4161;life
4162;noggin
4163;calumscottvevo
4164;wwe
4165;channel
4166;awesom
4167;vogu
4168;worldstarhiphop
4169;tonight
4170;show
4171;star
4172;jimmi
4173;fallon
4174;tmzsport
4175;jimmi
4176;kimmel
4177;live
4178;brves
4179;j
4180;cole
4181;enriqueiglesiasvevo
4182;wire
4183;joanjetsett
4184;nikocado
4185;avocado
4186;nba
4187;inthefrow
4188;espn
4189;hypebeast
4190;histori
4191;samsmithworldvevo
4192;late
4193;night
4194;seth
4195;meyer
4196;movieclip
4197;trailer
4198;alesso
4199;cole
4200;bennett
4201;outdoor
4202;boy
4203;chrisjedayvevo
4204;fulham1879
4205;fantv
4206;ktla
4207;5
4208;theellenshow
4209;late
4210;night
4211;seth
4212;meyer
4213;netflix
4214;mustardvevo
4215;amelia
4216;liana
4217;hopeanim
4218;megan
4219;ellabi
4220;tonight
4221;show
4222;star
4223;jimmi
4224;fallon
4225;maddi
4226;ziegler
4227;saturday
4228;night
4229;live
4230;channel90second
4231;newscom
4232;saturday
4233;night
4234;live
4235;netflix
4236;late
4237;late
4238;show
4239;jame
4240;corden
4241;e
4242;entertain
4243;mtv
4244;collidervideo
4245;jenni
4246;mustard
4247;flumeaus
4248;andrew
4249;w
4250;ign
4251;tu
4252;fan
4253;butch
4254;hartman
4255;migosvevo
4256;wire
4257;theellenshow
4258;lsdvevo
4259;lex
4260;croucher
4261;tonight
4262;show
4263;star
4264;jimmi
4265;fallon
4266;ubisoft
4267;us
4268;mbcentertain
4269;hazel
4270;hay
4271;iisuperwomanii
4272;suck
4273;cook
4274;kim
4275;petra
4276;mont
4277;x
4278;chang
4279;sprinkleofglitt
4280;kermodeandmayo
4281;smtown
4282;breakfast
4283;club
4284;power
4285;1051
4286;fm
4287;cnn
4288;gamexplain
4289;varieti
4290;eurovis
4291;song
4292;contest
4293;film
4294;gob
4295;jypentertain
4296;star
4297;war
4298;playnskillzvevo
4299;disneypixar
4300;broadcast
4301;america
4302;vox
4303;nick
4304;ramo
4305;scishow
4306;powerfuljr
4307;empir
4308;late
4309;show
4310;stephen
4311;colbert
4312;invadaoffici
4313;cobra
4314;kai
4315;ufc
4316;fox
4317;freedawkin
4318;ozuna
4319;life
4320;noggin
4321;bbc
4322;radio
4323;1
4324;jess
4325;glynn
4326;redlettermedia
4327;fromsoftwar
4328;complex
4329;ed
4330;sheeran
4331;ell
4332;powerfuljr
4333;new
4334;york
4335;time
4336;saturday
4337;night
4338;live
4339;cbs
4340;morn
4341;golden
4342;state
4343;time
4344;sprinkleofglitt
4345;calvinharrisvevo
4346;keithurbanvevo
4347;pointlessblogvlog
4348;jamesbayvevo
4349;soni
4350;pictur
4351;entertain
4352;vogu
4353;est
4354;lalond
4355;graham
4356;christian
4357;angryjoeshow
4358;louistomlinsonvevo
4359;timwestwoodtv
4360;amelia
4361;liana
4362;p23benbousquet
4363;aviad
4364;balelli
4365;cbc
4366;news
4367;cjenmmus
4368;offici
4369;jason
4370;derulo
4371;liam
4372;gallagh
4373;bbc
4374;radio
4375;1
4376;late
4377;show
4378;stephen
4379;colbert
4380;russabbotfan
4381;ibighit
4382;hopeless
4383;record
4384;fighthypecom
4385;one
4386;media
4387;march
4388;live
4389;gus
4390;johnson
4391;white
4392;hous
4393;einstein
4394;tanya
4395;burr
4396;late
4397;show
4398;stephen
4399;colbert
4400;saturday
4401;night
4402;live
4403;wespeakcycl
4404;monstercat
4405;instinct
4406;white
4407;hous
4408;meganbatoon
4409;falloutboyvevo
4410;see
4411;bruno
4412;mar
4413;livekellyandryan
4414;late
4415;late
4416;show
4417;jame
4418;corden
4419;lambofgodvevo
4420;cheat
4421;code
4422;late
4423;show
4424;stephen
4425;colbert
4426;star
4427;war
4428;tyler
4429;creator
4430;world
4431;warcraft
4432;cryzenx
4433;fuel
4434;ramen
4435;kygoofficialvevo
4436;good
4437;morn
4438;america
4439;ell
4440;easi
4441;alli
4442;domeju
4443;janell
4444;mone
4445;late
4446;late
4447;show
4448;jame
4449;corden
4450;fc
4451;barcelona
4452;wwe
4453;late
4454;show
4455;stephen
4456;colbert
4457;voic
4458;carri
4459;hope
4460;fletcher
4461;noelgallaghervevo
4462;darbyshir
4463;jhen
4464;aiko
4465;iisuperwomanii
4466;bangtantv
4467;wiggi
4468;theellenshow
4469;riskycb
4470;topten
4471;bandai
4472;namco
4473;entertain
4474;europ
4475;mizzi
4476;marp
4477;yourmoviesucksdotorg
4478;carri
4479;hope
4480;fletcher
4481;marshmello
4482;lsk
4483;matthia
4484;bbc
4485;radio
4486;1
4487;tmz
4488;ign
4489;voic
4490;iisuperwomanii
4491;futurevevo
4492;troyesivanvevo
4493;varieti
4494;morezoella
4495;mobo
4496;award
4497;trend
4498;tmzsport
4499;consum
4500;tmz
4501;tonight
4502;show
4503;star
4504;jimmi
4505;fallon
4506;saturday
4507;night
4508;live
4509;lex
4510;croucher
4511;nickyjamtv
4512;matt
4513;g
4514;taylor
4515;swift
4516;comedi
4517;bbc
4518;scotland
4519;cook
4520;movieaccesstrail
4521;bad
4522;bunni
4523;david
4524;guetta
4525;09w
4526;hype
4527;kristen
4528;hancher
4529;hot
4530;97
4531;opposit
4532;w
4533;jordan
4534;klepper
4535;nathan
4536;c
4537;refinery29
4538;tom
4539;fletcher
4540;ibighit
4541;lip
4542;sync
4543;battl
4544;late
4545;late
4546;show
4547;jame
4548;corden
4549;ibighit
4550;saturday
4551;night
4552;live
4553;breakfast
4554;club
4555;power
4556;1051
4557;fm
4558;looper
4559;late
4560;show
4561;stephen
4562;colbert
4563;hiphopsuppli
4564;one
4565;media
4566;bostondynam
4567;bbc
4568;radio
4569;1
4570;logan
4571;paul
4572;vlog
4573;top
4574;dawg
4575;entertain
4576;movieclip
4577;trailer
4578;real
4579;daytim
4580;patricia
4581;bright
4582;hot
4583;97
4584;kaguya
4585;luna
4586;offici
4587;hari
4588;kondabolu
4589;meghantrainorvevo
4590;nation
4591;access
4592;hollywood
4593;editor
4594;sortedfood
4595;sugarlandvevo
4596;saturday
4597;night
4598;live
4599;cardi
4600;b
4601;falloutboyvevo
4602;safiya
4603;nygaard
4604;tonight
4605;show
4606;star
4607;jimmi
4608;fallon
4609;king
4610;random
4611;enriqueiglesiasvevo
4612;reboot
4613;guardian
4614;code
4615;oat
4616;studio
4617;watch
4618;happen
4619;live
4620;andi
4621;cohen
4622;new
4623;japan
4624;prowrestl
4625;cinemasin
4626;luca
4627;spider
4628;paramount
4629;pictur
4630;tonight
4631;show
4632;star
4633;jimmi
4634;fallon
4635;vox
4636;ytn
4637;news
4638;raesremmurdvevo
4639;vox
4640;epicuri
4641;rudi
4642;mancuso
4643;late
4644;late
4645;show
4646;jame
4647;corden
4648;ubisoft
4649;us
4650;qualitycontrolvevo
4651;bbc
4652;news
4653;lil
4654;wayn
4655;cbs
4656;morn
4657;maroon5vevo
4658;geazymusicvevo
4659;jacksfilm
4660;tommi
4661;edison
4662;experi
4663;smtown
4664;caseyneistat
4665;fleur
4666;deforc
4667;jbalvinvevo
4668;vlogbroth
4669;amelia
4670;liana
4671;mnet
4672;kpop
4673;sharon
4674;needl
4675;rageahol
4676;tv
4677;promo
4678;saturday
4679;night
4680;live
4681;jypentertain
4682;tonight
4683;show
4684;star
4685;jimmi
4686;fallon
4687;fbe
4688;late
4689;show
4690;stephen
4691;colbert
4692;samantha
4693;maria
4694;voic
4695;ap
4696;bio
4697;dodievevo
4698;eleven
4699;seven
4700;music
4701;grace
4702;f
4703;victori
4704;bandai
4705;namco
4706;entertain
4707;america
4708;popbuzz
4709;demilovatovevo
4710;butch
4711;hartman
4712;tonight
4713;show
4714;star
4715;jimmi
4716;fallon
4717;late
4718;night
4719;seth
4720;meyer
4721;electroboom
4722;sadevevo
4723;gigi
4724;gorgeous
4725;charli
4726;puth
4727;andnowtheseth
4728;wwe
4729;gracevanderwaalvevo
4730;top
4731;gear
4732;soccer
4733;nintendo
4734;im
4735;hiphop
4736;teton
4737;graviti
4738;research
4739;jenni
4740;nicholson
4741;john
4742;mayer
4743;tonight
4744;show
4745;star
4746;jimmi
4747;fallon
4748;lydia
4749;elis
4750;millen
4751;kill
4752;hippi
4753;hbo
4754;maroon5vevo
4755;kickthepj
4756;blond
4757;verg
4758;netflix
4759;complex
4760;young
4761;thug
4762;tasti
4763;theellenshow
4764;rita
4765;ora
4766;anim
4767;fox
4768;5madmoviemak
4769;ubisoft
4770;us
4771;muselk
4772;channel90second
4773;newscom
4774;rich
4775;music
4776;klossi
4777;ryan
4778;burger
4779;kitchen
4780;nightmar
4781;mark
4782;brown
4783;inthefrow
4784;tonight
4785;show
4786;star
4787;jimmi
4788;fallon
4789;team
4790;coco
4791;chrisr
4792;fah
4793;q
4794;bic
4795;a24
4796;myharto
4797;cole
4798;bennett
4799;comicbookcom
4800;nike
4801;pbs
4802;newshour
4803;niallhoranvevo
4804;eminemvevo
4805;carri
4806;hope
4807;fletcher
4808;that
4809;surrey
4810;tv
4811;grobbo64
4812;calpurnia
4813;tonight
4814;show
4815;star
4816;jimmi
4817;fallon
4818;pewdiepi
4819;swish
4820;daili
4821;jim
4822;chapman
4823;fortnit
4824;wwe
4825;altwork
4826;flo
4827;rida
4828;donut
4829;media
4830;late
4831;night
4832;seth
4833;meyer
4834;movieclip
4835;trailer
4836;vogu
4837;cbbc
4838;warner
4839;bros
4840;pictur
4841;swedemason
4842;inthefrow
4843;radovan
4844;lazic
4845;mnet
4846;kpop
4847;wendi
4848;william
4849;tyler
4850;oakley
4851;channel90second
4852;newscom
4853;selenagomezvevo
4854;american
4855;idol
4856;domino
4857;record
4858;co
4859;nasey
4860;famili
4861;tyler
4862;oakley
4863;late
4864;late
4865;show
4866;jame
4867;corden
4868;liberato
4869;yearsandyearsvevo
4870;joe
4871;rogan
4872;fan
4873;page
4874;jimmi
4875;kimmel
4876;live
4877;late
4878;show
4879;stephen
4880;colbert
4881;e
4882;entertain
4883;late
4884;night
4885;seth
4886;meyer
4887;luci
4888;moon
4889;494ta
4890;20th
4891;centuri
4892;fox
4893;bad
4894;lip
4895;read
4896;rudi
4897;mancuso
4898;m2
4899;evan
4900;eding
4901;atlant
4902;record
4903;empir
4904;pixiwoo
4905;swedishm
4906;snapchat
4907;shawn
4908;mend
4909;happyfac
4910;entertain
4911;a24
4912;late
4913;show
4914;stephen
4915;colbert
4916;pledi
4917;artist
4918;thoma
4919;sander
4920;sam
4921;pilgrim
4922;joan
4923;kim
4924;aunti
4925;donna
4926;gamexplain
4927;star
4928;war
4929;anthonypadilla
4930;martin
4931;garrix
4932;optimuspenguinomega
4933;amazingphil
4934;atlant
4935;record
4936;luke
4937;birch
4938;sid
4939;glamour
4940;magazin
4941;im
4942;pop
4943;univers
4944;pictur
4945;voidz
4946;dj
4947;earworm
4948;bbc
4949;radio
4950;1
4951;warner
4952;bros
4953;pictur
4954;late
4955;show
4956;stephen
4957;colbert
4958;chloexhallevevo
4959;complex
4960;uninterrupt
4961;tonight
4962;show
4963;star
4964;jimmi
4965;fallon
4966;wwe
4967;worldstarhiphop
4968;logan
4969;paul
4970;vlog
4971;liampaynevevo
4972;vlog
4973;dk4l
4974;late
4975;late
4976;show
4977;jame
4978;corden
4979;1thek
4980;playstat
4981;american
4982;idol
4983;er
4984;red
4985;carpet
4986;news
4987;tv
4988;hollywood
4989;report
4990;panagioti
4991;rokani
4992;alia
4993;djsnakevevo
4994;late
4995;night
4996;seth
4997;meyer
4998;giovannasworld
4999;armon
5000;trey
5001;nintendo
5002;american
5003;idol
5004;kendricklamarvevo
5005;marshmello
5006;tom
5007;scott
5008;ajr
5009;2cello
5010;sofia
5011;rey
5012;star
5013;war
5014;marvel
5015;studio
5016;movi
5017;american
5018;idol
5019;warner
5020;bros
5021;pictur
5022;alesso
5023;newsflar
5024;thatcherjo
5025;jason
5026;derulo
5027;voynich
5028;manuscript
5029;research
5030;late
5031;late
5032;show
5033;jame
5034;corden
5035;ibighit
5036;morezoella
5037;georgegargan
5038;breakfast
5039;club
5040;power
5041;1051
5042;fm
5043;elleofthemil
5044;focus
5045;featur
5046;chayannevevo
5047;worldclassbullshitt
5048;jon
5049;bravo
5050;speak
5051;cowherd
5052;whitlock
5053;theellenshow
5054;remymavevo
5055;pet
5056;day
5057;ram
5058;klim
5059;bbc
5060;radio
5061;1
5062;ronan
5063;mcgreevi
5064;marvel
5065;entertain
5066;hbo
5067;game
5068;chang
5069;hbo
5070;theangrygrandpashow
5071;fran
5072;menes
5073;alex
5074;becker
5075;channel
5076;sprinkleofchatt
5077;screen
5078;junki
5079;ufc
5080;ultim
5081;fight
5082;championship
5083;szavevo
5084;mr
5085;interesant
5086;offici
5087;jeremi
5088;corbyn
5089;channel
5090;xxxtentacion
5091;lili
5092;pebbl
5093;fbe
5094;fiftyshadesvevo
5095;rudiment
5096;saturday
5097;night
5098;live
5099;cjenmmus
5100;offici
5101;itv
5102;gucci
5103;hot
5104;97
5105;aaronsanim
5106;pewdiepi
5107;miranda
5108;sing
5109;graham
5110;norton
5111;show
5112;gameslic
5113;jeremi
5114;jahn
5115;fleur
5116;deforc
5117;smtown
5118;camilacabellovevo
5119;cnn
5120;brother
5121;green
5122;eat
5123;paw
5124;zadroniak
5125;domeju
5126;saturday
5127;night
5128;live
5129;tmzsport
5130;nintendo
5131;jack
5132;dean
5133;anna
5134;edit
5135;damonandjo
5136;world
5137;trendz
5138;jamesbayvevo
5139;milo
5140;simon
5141;cat
5142;dave
5143;naz
5144;mass
5145;appeal
5146;betnetwork
5147;post
5148;malon
5149;watch
5150;happen
5151;live
5152;andi
5153;cohen
5154;entertain
5155;tonight
5156;danc
5157;star
5158;bigboytv
5159;young
5160;father
5161;entertain
5162;tonight
5163;nba
5164;genosamuel2
5165;hbo
5166;pwnstarzdotcom
5167;top
5168;dawg
5169;entertain
5170;#nazwa?
5171;larsandersen23
5172;idr
5173;lab
5174;mmschocol
5175;moviebob
5176;linkin
5177;park
5178;powerfuljr
5179;thechiv
5180;insid
5181;luca
5182;lucco
5183;espn
5184;paulitaal
5185;marc
5186;leroy
5187;late
5188;late
5189;show
5190;jame
5191;corden
5192;jessemccartneyvevo
5193;aperfectcirclevevo
5194;sam
5195;chui
5196;breakfast
5197;club
5198;power
5199;1051
5200;fm
5201;twice
5202;japan
5203;offici
5204;youtub
5205;channel
5206;starshiptv
5207;jimmi
5208;kimmel
5209;live
5210;tmz
5211;yogottivevo
5212;fpfutebolofici
5213;nanoo
5214;archivo
5215;explosmentertain
5216;amaz
5217;luca
5218;soni
5219;pictur
5220;entertain
5221;babi
5222;ariel
5223;geazymusicvevo
5224;washington
5225;post
5226;playoverwatch
5227;cute
5228;girl
5229;video
5230;mmafightingonsbn
5231;bluray
5232;clip
5233;abroad
5234;japan
5235;team
5236;coco
5237;jimmi
5238;kimmel
5239;live
5240;logicvevo
5241;playstat
5242;delray
5243;misfit
5244;atlant
5245;record
5246;amelia
5247;liana
5248;jypentertain
5249;jake
5250;paul
5251;poppi
5252;vern
5253;troyer
5254;manicstpreachersvevo
5255;tonight
5256;show
5257;star
5258;jimmi
5259;fallon
5260;cut
5261;jim
5262;chapman
5263;hector
5264;bellerin
5265;caseyneistat
5266;veritasvisu
5267;thuleanperspect
5268;saturday
5269;night
5270;live
5271;cnn
5272;beat
5273;1
5274;radio
5275;miguelvevo
5276;hate
5277;everyth
5278;tv
5279;promo
5280;simon
5281;cat
5282;saturday
5283;night
5284;live
5285;revoxi
5286;listen
5287;also
5288;colleg
5289;news
5290;network
5291;emiratesteamnz
5292;ladbabi
5293;offici
5294;troyesivanvevo
5295;sprinkleofglitt
5296;eminemvevo
5297;noodlevlog
5298;white
5299;hous
5300;h3
5301;podcast
5302;jackfrag
5303;offici
5304;pokmon
5305;youtub
5306;channel
5307;alissa
5308;ashley
5309;lil
5310;traci
5311;fleur
5312;deforc
5313;fc
5314;barcelona
5315;hazel
5316;hay
5317;sebastianyatravevo
5318;ninja
5319;theori
5320;gamegrump
5321;samantha
5322;maria
5323;ikon
5324;daddi
5325;yanke
5326;wwe
5327;domon
5328;smith
5329;gracevanderwaalvevo
5330;ty
5331;dolla
5332;ign
5333;inthefrow
5334;us
5335;lifetim
5336;jypentertain
5337;mk
5338;don
5339;mizumi
5340;lili
5341;pebbl
5342;belt
5343;brendan
5344;schaub
5345;cardi
5346;b
5347;fortnit
5348;lauv
5349;tede
5350;lili
5351;pebbl
5352;infinitehom
5353;ygvevo
5354;jamesblakeproduct
5355;littlebigpr
5356;linkin
5357;park
5358;hbo
5359;winner
5360;breakingbenjaminvevo
5361;trekgenius
5362;news
5363;ertain
5364;self
5365;carri
5366;hope
5367;fletcher
5368;late
5369;late
5370;show
5371;jame
5372;corden
5373;late
5374;late
5375;show
5376;jame
5377;corden
5378;movieaccesstrail
5379;bbc
5380;news
5381;white
5382;hous
5383;dua
5384;lipa
5385;calvinharrisvevo
5386;videogamedunkey
5387;panic
5388;disco
5389;lifetim
5390;smtown
5391;espn
5392;jimmi
5393;kimmel
5394;live
5395;tbs
5396;taylorswiftvevo
5397;aaronsanim
5398;wwe
5399;halseyvevo
5400;chad
5401;kroeger
5402;janell
5403;mone
5404;rpdr
5405;live
5406;loonatheworld
5407;bravo
5408;tyler
5409;oakley
5410;late
5411;night
5412;seth
5413;meyer
5414;lionsgat
5415;movi
5416;daili
5417;wire
5418;jbalvinvevo
5419;john
5420;maclean
5421;20th
5422;centuri
5423;fox
5424;dishonour
5425;wolf
5426;bts
5427;video
5428;weebl
5429;stuff
5430;cbs
5431;news
5432;dav
5433;hum
5434;late
5435;show
5436;stephen
5437;colbert
5438;lili
5439;pebbl
5440;nbc
5441;news
5442;ty
5443;dolla
5444;ign
5445;pointlessblogvlog
5446;enriqueiglesiasvevo
5447;jacki
5448;aina
5449;lil
5450;sky
5451;insid
5452;edit
5453;want
5454;millionair
5455;arianagrandemexico
5456;siavevo
5457;presid
5458;trump
5459;tlc
5460;uk
5461;chainsmokersvevo
5462;stone
5463;music
5464;entertain
5465;playstat
5466;browntabl
5467;ufo
5468;today
5469;psychosoprano
5470;h3
5471;podcast
5472;bhad
5473;bhabi
5474;live
5475;audienc
5476;reaction
5477;first
5478;feast
5479;bleachersvevo
5480;1thek
5481;kiss
5482;fm
5483;uk
5484;soni
5485;pictur
5486;entertain
5487;screen
5488;junki
5489;ufc
5490;ultim
5491;fight
5492;championship
5493;tmzsport
5494;kenni
5495;sophi
5496;carri
5497;hope
5498;fletcher
5499;jdfffn
5500;dolc
5501;gabbana
5502;raesremmurdvevo
5503;jeremyzuckervevo
5504;espn
5505;bbc
5506;news
5507;zefrank1
5508;siavevo
5509;lex
5510;croucher
5511;slayer
5512;four
5513;giovannasworld
5514;miguelvevo
5515;disneymusicvevo
5516;conor
5517;maynard
5518;cc
5519;productions97
5520;zero
5521;media
5522;1thek
5523;j
5524;cole
5525;ign
5526;janell
5527;mone
5528;sblii
5529;commerci
5530;yourmoviesucksdotorg
5531;star
5532;war
5533;cole
5534;bennett
5535;ign
5536;grace
5537;fit
5538;uk
5539;20th
5540;centuri
5541;fox
5542;logan
5543;paul
5544;vlog
5545;late
5546;night
5547;seth
5548;meyer
5549;wwe
5550;telegraph
5551;late
5552;late
5553;show
5554;jame
5555;corden
5556;danc
5557;ice
5558;adult
5559;swim
5560;smtown
5561;tinasheofficialvevo
5562;anfisa
5563;nava
5564;wellington
5565;51
5566;smith
5567;jenni
5568;nicholson
5569;difficult
5570;psycho
5571;strangervideo
5572;wowpres
5573;gugudan
5574;theellenshow
5575;2inch
5576;gnar
5577;johnni
5578;marr
5579;jcolevevo
5580;pointlessblogvlog
5581;late
5582;late
5583;show
5584;jame
5585;corden
5586;entertain
5587;tonight
5588;genius
5589;cjenmmus
5590;offici
5591;netflix
5592;poofabl
5593;cinemasin
5594;ikon
5595;inthefrow
5596;bon
5597;apptit
5598;theellenshow
5599;malumavevo
5600;bostondynam
5601;today
5602;news
5603;feed
5604;browntabl
5605;univers
5606;pictur
5607;hazel
5608;hay
5609;bbc
5610;news
5611;catgil2
5612;tom
5613;scott
5614;mmaweeklycom
5615;pewdiepi
5616;ghost
5617;adventur
5618;tv
5619;harryhudsonvevo
5620;trl
5621;redlettermedia
5622;jimmi
5623;kimmel
5624;live
5625;hot
5626;97
5627;titus
5628;andronicus
5629;xbox
5630;amelia
5631;liana
5632;ijustin
5633;falloutboyvevo
5634;slashfilm
5635;bbc
5636;radio
5637;1
5638;starshiptv
5639;andrew
5640;tonight
5641;show
5642;star
5643;jimmi
5644;fallon
5645;mmafightingonsbn
5646;american
5647;idol
5648;cut
5649;twice
5650;japan
5651;offici
5652;youtub
5653;channel
5654;ovo
5655;sound
5656;datpiff
5657;jodi
5658;corner
5659;unicorn
5660;hazel
5661;hay
5662;onebitmusicvevo
5663;hot
5664;97
5665;global
5666;news
5667;spacex
5668;de
5669;la
5670;ghetto
5671;animalwis
5672;ubisoft
5673;us
5674;eminemvevo
5675;ozuna
5676;cs
5677;dojo
5678;nikkietutori
5679;trixi
5680;mattel
5681;global
5682;mountain
5683;bike
5684;network
5685;kmusic
5686;crack
5687;jessica
5688;clement
5689;saturday
5690;night
5691;live
5692;lastweektonight
5693;trippiereddvevo
5694;samantha
5695;maria
5696;tanya
5697;burr
5698;tv
5699;promo
5700;real
5701;daytim
5702;netflix
5703;late
5704;show
5705;stephen
5706;colbert
5707;lele
5708;pon
5709;justic
5710;cinemassacr
5711;elrubiusomg
5712;cat
5713;lesson
5714;cobra
5715;kai
5716;saint
5717;budleewis
5718;theellenshow
5719;plumwax
5720;cobra
5721;kai
5722;mtv
5723;tmzsport
5724;caspar
5725;joshx713
5726;noisi
5727;imag
5728;cardi
5729;b
5730;one
5731;media
5732;cole
5733;bennett
5734;today
5735;nahmir
5736;khalidvevo
5737;20th
5738;centuri
5739;fox
5740;latest
5741;news
5742;pnb
5743;rock
5744;jimmi
5745;kimmel
5746;live
5747;william
5748;osman
5749;espn
5750;grace
5751;helbig
5752;empireofthesunvevo
5753;justkissmyfrog
5754;bandmaid
5755;nation
5756;mobi
5757;dina
5758;tokio
5759;drakevevo
5760;tbs
5761;pinkvevo
5762;steve
5763;tv
5764;show
5765;jame
5766;charl
5767;tanya
5768;burr
5769;late
5770;show
5771;stephen
5772;colbert
5773;mmafightingonsbn
5774;enremolinosweb
5775;palewavesvevo
5776;richthekidvevo
5777;chrisjedayvevo
5778;cnn
5779;smtown
5780;futurevevo
5781;hasan
5782;aljarrah
5783;car
5784;throttl
5785;rapmusichd
5786;thirti
5787;second
5788;mar
5789;daniel
5790;howel
5791;fleur
5792;deforc
5793;doctor
5794;jeffreestar
5795;rooster
5796;teeth
5797;jimmi
5798;kimmel
5799;live
5800;thirtysecondstomarsvevo
5801;mouthi
5802;buddha
5803;netflix
5804;theellenshow
5805;mnet
5806;kpop
5807;bigboytv
5808;saturday
5809;night
5810;live
5811;88rise
5812;smith
5813;beckvevo
5814;tanya
5815;burr
5816;jiro
5817;czech
5818;shawn
5819;mend
5820;imaginedragonsvevo
5821;netflix
5822;cbs
5823;morn
5824;axwellingrossovevo
5825;gap
5826;radio
5827;time
5828;mnet
5829;kpop
5830;saturday
5831;night
5832;live
5833;jimmi
5834;kimmel
5835;live
5836;ultra
5837;music
5838;hardwel
5839;filmselect
5840;trailer
5841;breakfast
5842;club
5843;power
5844;1051
5845;fm
5846;mrbeast
5847;tonight
5848;show
5849;star
5850;jimmi
5851;fallon
5852;kickthepj
5853;pewdiepi
5854;theellenshow
5855;bellyvevo
5856;cashmerecatvevo
5857;bbc
5858;three
5859;pentagon
5860;offici
5861;youtub
5862;channel
5863;worldstarhiphop
5864;mtv
5865;intern
5866;lili
5867;allen
5868;carri
5869;hope
5870;fletcher
5871;call
5872;duti
5873;beckygvevo
5874;mmafightingonsbn
5875;pat
5876;nes
5877;punk
5878;kermodeandmayo
5879;mark
5880;ferri
5881;vlogbroth
5882;wwe
5883;futurevevo
5884;trl
5885;theneighbourhoodvevo
5886;cat
5887;man
5888;chris
5889;jacksfilm
5890;mmanytts
5891;austinmcconnel
5892;judaspriestvevo
5893;szavevo
5894;ea
5895;sport
5896;fifa
5897;est
5898;lalond
5899;jadensmithvevo
5900;ubisoft
5901;us
5902;ufc
5903;ultim
5904;fight
5905;championship
5906;dc
5907;rainmak
5908;gashivevo
5909;tonight
5910;show
5911;star
5912;jimmi
5913;fallon
5914;us
5915;duo
5916;manicstpreachersvevo
5917;siriusxm
5918;disney
5919;xd
5920;jypentertain
5921;shakiravevo
5922;h3h3product
5923;simon
5924;martina
5925;tomorrowland
5926;ign
5927;jessica
5928;kellgrenfozard
5929;warner
5930;msica
5931;nicolopicus7
5932;shoshana
5933;bean
5934;bigcitybeat
5935;essenc
5936;real
5937;madrid
5938;kany
5939;west
